Workbook

Sheet Resumen
A1: PREVENTA OFICIAL GAUCHOS — LIQUIDACIÓN DE ROYALTY
A2: Playmaker completa las celdas amarillas al cierre de cada preventa (las ventas, en la hoja Ventas) y envía este archivo al club con la exportación de la plataforma de pago. Las celdas grises se calculan solas.
A4: DATOS DE LA PREVENTA | D4: TRAMOS DE ROYALTY
A5: Preventa | D5: Desde (unidades) | E5: Royalty
A6: Fecha de cierre | D6: 0 | E6: 0.11
A7: Fecha de pago (15 días desde el cierre) | B7: =IF(B6="","",B6+15) | D7: 101 | E7: 0.12
A8: Forma de pago | B8: Transferencia | D8: 201 | E8: 0.13
A9: IVA | B9: 0.19 | D9: 351 | E9: 0.14
A10: Bono si el pago es en crédito en productos | B10: 0.3 | D10: 501 | E10: 0.15
A11: Unidades vendidas en preventas anteriores de la temporada | B11: 0 | D11: El tramo alcanzado se aplica a todas las unidades de la temporada.
A12: Venta neta de preventas anteriores de la temporada | B12: 0
A13: Royalty ya liquidado en la temporada (sin bono) | B13: 0
A15: LIQUIDACIÓN
A16: Unidades válidas de esta preventa | B16: =SUM(Ventas!J4:J303) -> 0
A17: Venta neta de esta preventa | B17: =SUM(Ventas!K4:K303) -> 0
A18: Unidades acumuladas en la temporada | B18: =B11+B16 -> 0
A19: Royalty del tramo alcanzado | B19: =INDEX($E$6:$E$10,MATCH(B18,$D$6:$D$10,1)) -> 0.11
A20: Royalty de esta preventa | B20: =ROUND(B17*B19,0) -> 0
A21: Ajuste por cambio de tramo (preventas anteriores) | B21: =MAX(0,ROUND(B12*B19-B13,0)) -> 0
A22: Royalty total a liquidar | B22: =B20+B21 -> 0
A23: Bono por crédito en productos | B23: =IF(B8="Crédito en productos",ROUND(B22*B10,0),0) -> 0
A24: TOTAL A RECIBIR POR EL CLUB | B24: =B22+B23 -> 0
A26: CONTROL EN LA ENTREGA
A27: Unidades recibidas y contadas por el club (guía de entrega)
A28: ¿Coincide con la liquidación? | B28: =IF(B27="","Pendiente",IF(B27=B16,"Sí","No: revisar")) -> Pendiente
A30: Recibido conforme por el club (nombre, cargo y firma): ______________________________

Sheet Ventas
A1: DETALLE DE VENTAS DE LA PREVENTA · una fila por venta, tal como figura en la boleta y en la plataforma de pago
A2: EJEMPLO | B2: 15-03-2027 | C2: Juan Pérez (no se suma) | D2: GAU-09 | E2: Polerón medio cierre | F2: M | G2: 1 | H2: 39258 | I2: No | J2: 1 | K2: 32990
A3: N° boleta | B3: Fecha | C3: Comprador | D3: Código | E3: Producto | F3: Talla | G3: Cantidad | H3: Total pagado (con IVA) | I3: Devuelto (Sí/No) | J3: Unidades válidas | K3: Venta neta válida
E4: =IF(D4="","",IFERROR(INDEX(Productos!$B$2:$B$23,MATCH(D4,Productos!$A$2:$A$23,0)),"Código no existe")) | J4: =IF(OR(G4="",I4="Sí"),0,G4) -> 0 | K4: =IF(OR(H4="",I4="Sí"),0,ROUND(H4/(1+Resumen!$B$9),0)) -> 0
E5: =IF(D5="","",IFERROR(INDEX(Productos!$B$2:$B$23,MATCH(D5,Productos!$A$2:$A$23,0)),"Código no existe")) | J5: =IF(OR(G5="",I5="Sí"),0,G5) -> 0 | K5: =IF(OR(H5="",I5="Sí"),0,ROUND(H5/(1+Resumen!$B$9),0)) -> 0
E6: =IF(D6="","",IFERROR(INDEX(Productos!$B$2:$B$23,MATCH(D6,Productos!$A$2:$A$23,0)),"Código no existe")) | J6: =IF(OR(G6="",I6="Sí"),0,G6) -> 0 | K6: =IF(OR(H6="",I6="Sí"),0,ROUND(H6/(1+Resumen!$B$9),0)) -> 0
E7: =IF(D7="","",IFERROR(INDEX(Productos!$B$2:$B$23,MATCH(D7,Productos!$A$2:$A$23,0)),"Código no existe")) | J7: =IF(OR(G7="",I7="Sí"),0,G7) -> 0 | K7: =IF(OR(H7="",I7="Sí"),0,ROUND(H7/(1+Resumen!$B$9),0)) -> 0
E8: =IF(D8="","",IFERROR(INDEX(Productos!$B$2:$B$23,MATCH(D8,Productos!$A$2:$A$23,0)),"Código no existe")) | J8: =IF(OR(G8="",I8="Sí"),0,G8) -> 0 | K8: =IF(OR(H8="",I8="Sí"),0,ROUND(H8/(1+Resumen!$B$9),0)) -> 0
E9: =IF(D9="","",IFERROR(INDEX(Productos!$B$2:$B$23,MATCH(D9,Productos!$A$2:$A$23,0)),"Código no existe")) | J9: =IF(OR(G9="",I9="Sí"),0,G9) -> 0 | K9: =IF(OR(H9="",I9="Sí"),0,ROUND(H9/(1+Resumen!$B$9),0)) -> 0
E10: =IF(D10="","",IFERROR(INDEX(Productos!$B$2:$B$23,MATCH(D10,Productos!$A$2:$A$23,0)),"Código no existe")) | J10: =IF(OR(G10="",I10="Sí"),0,G10) -> 0 | K10: =IF(OR(H10="",I10="Sí"),0,ROUND(H10/(1+Resumen!$B$9),0)) -> 0
E11: =IF(D11="","",IFERROR(INDEX(Productos!$B$2:$B$23,MATCH(D11,Productos!$A$2:$A$23,0)),"Código no existe")) | J11: =IF(OR(G11="",I11="Sí"),0,G11) -> 0 | K11: =IF(OR(H11="",I11="Sí"),0,ROUND(H11/(1+Resumen!$B$9),0)) -> 0
E12: =IF(D12="","",IFERROR(INDEX(Productos!$B$2:$B$23,MATCH(D12,Productos!$A$2:$A$23,0)),"Código no existe")) | J12: =IF(OR(G12="",I12="Sí"),0,G12) -> 0 | K12: =IF(OR(H12="",I12="Sí"),0,ROUND(H12/(1+Resumen!$B$9),0)) -> 0
E13: =IF(D13="","",IFERROR(INDEX(Productos!$B$2:$B$23,MATCH(D13,Productos!$A$2:$A$23,0)),"Código no existe")) | J13: =IF(OR(G13="",I13="Sí"),0,G13) -> 0 | K13: =IF(OR(H13="",I13="Sí"),0,ROUND(H13/(1+Resumen!$B$9),0)) -> 0
E14: =IF(D14="","",IFERROR(INDEX(Productos!$B$2:$B$23,MATCH(D14,Productos!$A$2:$A$23,0)),"Código no existe")) | J14: =IF(OR(G14="",I14="Sí"),0,G14) -> 0 | K14: =IF(OR(H14="",I14="Sí"),0,ROUND(H14/(1+Resumen!$B$9),0)) -> 0
E15: =IF(D15="","",IFERROR(INDEX(Productos!$B$2:$B$23,MATCH(D15,Productos!$A$2:$A$23,0)),"Código no existe")) | J15: =IF(OR(G15="",I15="Sí"),0,G15) -> 0 | K15: =IF(OR(H15="",I15="Sí"),0,ROUND(H15/(1+Resumen!$B$9),0)) -> 0
... E303: =IF(D303="","",IFERROR(INDEX(Productos!$B$2:$B$23,MATCH(D303,Productos!$A$2:$A$23,0)),"Código no existe")) | J303: =IF(OR(G303="",I303="Sí"),0,G303) -> 0 | K303: =IF(OR(H303="",I303="Sí"),0,ROUND(H303/(1+Resumen!$B$9),0)) -> 0

Sheet Productos
A1: Código | B1: Producto
A2: GAU-01 | B2: Camiseta de juego — Local OP1
A3: GAU-02 | B3: Camiseta de juego — Local 02
A4: GAU-03 | B4: Camiseta de juego — Visita 01
A5: GAU-04 | B5: Camiseta de juego — Visita 02
A6: GAU-05 | B6: Short de juego
A7: GAU-06 | B7: Medias de juego
A8: GAU-07 | B8: Match Day Shirt
A9: GAU-08 | B9: Camiseta de entrenamiento
A10: GAU-09 | B10: Polerón medio cierre
A11: GAU-10 | B11: Buzo de contacto manga larga
A12: GAU-11 | B12: Camiseta sin mangas
... A23: GAU-22 | B23: Parka larga
